epoch,train_loss,valid_loss,accuracy,f1_score,testAccuracy,testF1Score,time
0,7.209083557128906,3.6553592681884766,0.49803921580314636,0.4564251704285222,0.4407220780849457,0.40108389267707095,00:48
1,4.382580280303955,1.8957438468933105,0.7186274528503418,0.7036333093549739,0.7036916613578796,0.677576886564475,00:46
2,2.695467233657837,1.2858632802963257,0.8039215803146362,0.7971188203168532,0.7850056886672974,0.7682148797180369,00:46
3,1.6116175651550293,1.055037498474121,0.8470588326454163,0.8456943761204863,0.8206212520599365,0.8069318250223194,00:46
4,1.1300568580627441,0.9362823367118835,0.8598039150238037,0.8576153754548043,0.8432265520095825,0.8363473416302446,00:46
5,0.7932508587837219,0.9053552150726318,0.8627451062202454,0.8590283461886598,0.8572125434875488,0.8501943982114765,00:46
6,0.5240936279296875,0.8538525700569153,0.8803921341896057,0.8779683586744946,0.8668076395988464,0.8572427504959685,00:46
7,0.4422244131565094,0.8400352597236633,0.8725489974021912,0.8698962933476725,0.867295503616333,0.8586217933869017,00:46
